Averaged Fitness Value,Standard Deviation value,calculation time(milis)
489.594727,291.681457,8
476.904297,511.119747,5
459.052734,815.508938,6
434.311523,1079.506469,6
410.122070,1398.959708,7
380.322266,1725.189114,6
350.488281,2049.761581,6
319.799805,2304.207969,10
286.933594,2443.624496,8
254.438477,2578.786254,9
222.163086,2633.553481,7
222.163086,2633.553481,7
String tested,Total calculation time(milis)
kBcpJtaHSO,87
