Averaged Fitness Value,Standard Deviation value,calculation time(milis)
245.903320,165.492606,7
239.921875,372.552490,6
228.872070,653.366446,16
210.034180,926.707816,6
189.643555,1174.531150,5
168.818359,1354.365444,6
168.818359,1354.365444,6
String tested,Total calculation time(milis)
barak,54
