Averaged Fitness Value,Standard Deviation value,ELAPSED time(milis),CLOCK TICKS
246.420898,134.211516,0.005000,5
241.318359,296.113491,0.005000,5
230.581055,547.465110,0.004000,4
214.106445,833.185935,0.005000,5
191.870117,1042.059302,0.005000,5
171.850586,1191.936660,0.005000,5
148.007812,1487.730408,0.006000,6
128.540039,1644.108748,0.004000,4
106.064453,1603.554440,0.004000,4
106.064453,1603.554440,0.004000,4
String tested,Total calculation time(milis)
EvdVt,56
