Averaged Fitness Value,Standard Deviation value,calculation time(milis)
196.992188,120.933533,7
192.148438,276.731873,5
182.119141,531.349087,6
166.855469,786.498642,8
146.245117,1002.258277,15
146.245117,1002.258277,15
String tested,Total calculation time(milis)
IgZW,46
