Averaged Fitness Value,Standard Deviation value,calculation time(milis)
196.948242,128.626227,7
192.363281,282.110214,5
182.871094,541.659164,7
166.889648,772.405791,6
145.400391,1003.648281,4
130.410156,1260.085678,8
130.410156,1260.085678,8
String tested,Total calculation time(milis)
gHDE,43
