Averaged Fitness Value,Standard Deviation value,calculation time(milis)
196.684570,130.853629,8
191.914062,284.422302,6
182.490234,525.732327,15
166.635742,811.972785,7
143.574219,1124.529648,5
143.574219,1124.529648,5
String tested,Total calculation time(milis)
phsr,46
