Averaged Fitness Value,Standard Deviation value,calculation time(milis)
392.480469,249.706650,8
382.241211,486.432052,7
366.269531,764.501572,6
342.846680,1016.847587,6
321.313477,1239.729857,7
295.463867,1364.823890,7
270.761719,1540.826035,6
244.555664,1743.845534,7
219.790039,2035.063338,6
189.184570,2008.465934,6
163.828125,2105.267334,7
163.828125,2105.267334,7
String tested,Total calculation time(milis)
XEqtBpbJ,82
