Averaged Fitness Value,Standard Deviation value,calculation time(milis)
246.420898,134.211516,5
241.318359,296.113491,5
230.581055,547.465110,16
214.106445,833.185935,6
191.870117,1042.059302,6
171.850586,1191.936660,8
148.007812,1487.730408,5
128.540039,1644.108748,5
128.540039,1644.108748,5
String tested,Total calculation time(milis)
EvdVt,67
