Averaged Fitness Value,Standard Deviation value,calculation time(milis)
295.131836,178.595901,6
288.164062,384.031677,6
275.400391,639.195156,5
255.073242,932.318854,5
233.925781,1121.599960,5
212.299805,1295.931602,5
188.730469,1462.743759,6
167.373047,1573.470211,6
142.519531,1671.288681,6
142.519531,1671.288681,6
String tested,Total calculation time(milis)
AIUGFc,59
