Averaged Fitness Value,Standard Deviation value,calculation time(milis)
490.034180,290.965629,8
477.709961,526.738143,6
459.658203,886.992550,16
431.777344,1120.571518,8
407.622070,1382.284904,11
380.292969,1624.816513,10
350.585938,1776.512146,9
323.310547,1920.583248,6
294.570312,2213.096619,6
264.985352,2320.116973,7
233.173828,2474.985409,7
202.387695,2495.031333,12
202.387695,2495.031333,12
String tested,Total calculation time(milis)
EBsXFOqoKP,115
