Averaged Fitness Value,Standard Deviation value,calculation time(milis)
294.995117,172.265601,6
287.783203,385.027218,5
273.964844,637.697983,16
253.535156,959.182358,5
232.011719,1185.015488,6
207.993164,1375.415969,6
184.843750,1458.276367,7
163.925781,1775.310898,5
163.925781,1775.310898,5
String tested,Total calculation time(milis)
dipFbt,65
