Averaged Fitness Value,Standard Deviation value,calculation time(milis)
489.116211,334.326339,9
475.673828,572.006893,8
457.133789,895.153975,7
430.717773,1216.525817,7
405.083008,1461.125922,6
375.761719,1795.220566,8
344.150391,1879.258633,9
315.190430,2054.651237,9
282.895508,2258.852363,8
250.727539,2397.175765,6
221.601562,2606.126404,7
187.524414,2505.639052,6
187.524414,2505.639052,6
String tested,Total calculation time(milis)
HJbFYeySsu,102
